{"cameraMode":{"drawMode":0,"name":"Shaded","section":"Shading Mode"},"sceneLighting":false,"audioPlay":false,"sceneViewState":{"showFog":true,"showMaterialUpdate":false,"showSkybox":false,"showFlares":true,"showImageEffects":true,"showParticleSystems":true},"in2DMode":false,"pivot":{"x":20.44499969482422,"y":-0.9765785336494446,"z":-15.732658386230469},"rotation":{"x":-0.39165154099464419,"y":0.16427083313465119,"z":-0.07415099442005158,"w":-0.9027570486068726},"size":0.4351515471935272,"orthographic":false}