{"cameraMode":{"drawMode":0,"name":"Shaded","section":"Shading Mode"},"sceneLighting":true,"audioPlay":false,"sceneViewState":{"showFog":true,"showMaterialUpdate":false,"showSkybox":true,"showFlares":true,"showImageEffects":true,"showParticleSystems":true},"in2DMode":false,"pivot":{"x":19.734664916992189,"y":3.4120469093322756,"z":-16.56858253479004},"rotation":{"x":0.27282851934432986,"y":-0.6445876359939575,"z":0.2693960666656494,"w":0.6620809435844421},"size":0.47430941462516787,"orthographic":false}