{"cameraMode":{"drawMode":0,"name":"Shaded","section":"Shading Mode"},"sceneLighting":true,"audioPlay":false,"sceneViewState":{"showFog":true,"showMaterialUpdate":false,"showSkybox":true,"showFlares":true,"showImageEffects":true,"showParticleSystems":true},"in2DMode":false,"pivot":{"x":-4.205499172210693,"y":1.9606409072875977,"z":-22.803180694580079},"rotation":{"x":-0.07140474766492844,"y":0.6954845190048218,"z":-0.06881698220968247,"w":-0.7119705080986023},"size":4.6666789054870609,"orthographic":false}