{"cameraMode":{"drawMode":0,"name":"Shaded","section":"Shading Mode"},"sceneLighting":true,"audioPlay":false,"sceneViewState":{"showFog":true,"showMaterialUpdate":false,"showSkybox":true,"showFlares":true,"showImageEffects":true,"showParticleSystems":true},"in2DMode":false,"pivot":{"x":21.514259338378908,"y":2.3909523487091066,"z":-19.33397674560547},"rotation":{"x":0.07517597824335098,"y":0.4761632978916168,"z":-0.03810048848390579,"w":0.875787079334259},"size":5.257884502410889,"orthographic":false}