{"cameraMode":{"drawMode":0,"name":"Shaded","section":"Shading Mode"},"sceneLighting":true,"audioPlay":false,"sceneViewState":{"showFog":true,"showMaterialUpdate":false,"showSkybox":true,"showFlares":true,"showImageEffects":true,"showParticleSystems":true},"in2DMode":false,"pivot":{"x":13.652615547180176,"y":-1.8916456699371338,"z":-5.126832485198975},"rotation":{"x":-0.1394316554069519,"y":0.19155170023441316,"z":-0.02885688841342926,"w":-0.9715015888214111},"size":14.581013679504395,"orthographic":false}