{"cameraMode":{"drawMode":0,"name":"Shaded","section":"Shading Mode"},"sceneLighting":true,"audioPlay":false,"sceneViewState":{"showFog":true,"showMaterialUpdate":false,"showSkybox":true,"showFlares":true,"showImageEffects":true,"showParticleSystems":true},"in2DMode":false,"pivot":{"x":292.5466613769531,"y":928.160888671875,"z":-1.724609375},"rotation":{"x":-0.06775221973657608,"y":0.016249602660536767,"z":-0.0025355913676321508,"w":-0.9979552030563355},"size":480.631591796875,"orthographic":false}